Lock,Average,Max,Min
La Grange,601.3490587,675.3713542,550.2169341
Peoria,609.2763016,683.3040645,548.9085832
Starved Rock,624.9511645,721.9809958,566.6019745
Marseilles,644.0938451,747.8136198,563.6013818
Dresden,628.8278726,747.9069574,570.3633315
